{
    "_schemaVersion": "1.0.0",


    "mPFit": {
        "inputs": [
            {"name": "data", "kind": "required", "type": ["numeric"]},
            {"name": "xFit", "kind": "namevalue", "type": ["numeric", "vector"]},
            {"name": "sigmoidName", "kind": "namevalue", "type":["choices={'norm', 'gauss', 'gaussint', 'logistic', 'logn', 'weibull', 'gumbel', 'rgumbel', 'tdist'}"]},
            {"name": "expType", "kind": "namevalue", "type":["choices={'YesNo', '2AFC', 'nAFC'}"]},
            {"name": "expN", "kind": "namevalue", "type": ["numeric"]},
            {"name": "threshPC", "kind": "namevalue", "type": ["numeric"]},
            {"name": "useGPU", "kind": "namevalue", "type": ["choices={0, 1}"]},
            {"name": "plotFitRes", "kind": "namevalue", "type": ["choices={0, 1}"]}
        ]
    }
}